"sampleId"	"assemblyId"	"coverageP"	"ani"	"coverageAvg"	"coverageEvenessScore"	"heterogenity"	"classification"	"clusterIBDFine"	"country"	"latitude"	"longitude"	"ageAverage"	"region"	"fq"
"1"	"DA104"	"GCF_000007465.2"	0.205014	0.977507815614444	0.234404614041344	0.20501444962308	NA	"Mutans"	"Steppe_3500BP_1300BP"	"Kyrgyzstan"	42.16	77.41	1773.5	"CentralAsia"	"/willerslev/datasets/WABI_pipeline/fqs/steppe/DA104_E1_L1.fq.gz"
"2"	"DA112"	"GCF_000007465.2"	0.760242	0.98265281818609	1.84183872990888	0.649141999827834	NA	"Mutans"	"EuropeE_4000BP_2500BP"	"CzechRepublic"	50.51	14.05	2661	"CentralEasternEurope"	"/willerslev/datasets/WABI_pipeline/fqs/steppe/DA112_E1_L1.fq.gz"
"3"	"DA117"	"GCF_000306805.1"	0.853146	0.973378117115649	6.22465957457812	0.716511676531019	0.00773434	"Multi"	"Steppe_3500BP_1300BP"	"Kyrgyzstan"	42.07	76.97	263	"CentralAsia"	"/willerslev/datasets/WABI_pipeline/fqs/steppe/DA117_E1_L1.fq.gz"
"4"	"DA11"	"GCF_000017005.1"	0.472209	0.963432763141695	0.743156207008634	0.472208742173352	NA	"Multi"	"Steppe_3500BP_1300BP"	"Kazakhstan"	50.89	73.88	2697.5	"CentralAsia"	"/willerslev/datasets/WABI_pipeline/fqs/steppe/DA11_E1_L1.fq.gz"
"5"	"DA177"	"GCF_900635155.1"	0.883867	0.958002319899721	7.06517858693861	0.676806280592978	0.0139311	"Multi"	"SteppeCE_2000BP_700BP"	"Kazakhstan"	52.02	77.19	1650	"CentralAsia"	"/willerslev/datasets/WABI_pipeline/fqs/steppe/DA177_E1_L1.fq.gz"
"6"	"DA195"	"GCF_000007465.2"	0.516286	0.982926455108282	0.788712815278478	0.516285647527577	NA	"Mutans"	"EuropeE_4000BP_2500BP"	"Hungary"	46.34	20.16	2691.5	"CentralEasternEurope"	"/willerslev/datasets/WABI_pipeline/fqs/steppe/DA195_E1_L1.fq.gz"
"7"	"DA195"	"GCF_000007465.2"	0.516286	0.982926455108282	0.788712815278478	0.516285647527577	NA	"Mutans"	"EuropeE_4000BP_2500BP"	"Hungary"	46.34	20.16	2691.5	"CentralEasternEurope"	"/willerslev/datasets/WABI_pipeline/fqs/steppe/DA195_E2_L1.fq.gz"
"8"	"DA198"	"GCF_900635155.1"	0.670552	0.959256607555619	1.61592866436773	0.561300775392834	0.0138889	"Sanguinis"	"Europe_3000BP_300BP"	"Hungary"	46.34	20.16	2453	"CentralEasternEurope"	"/willerslev/datasets/WABI_pipeline/fqs/steppe/DA198_E1_L1.fq.gz"
"9"	"DA198"	"GCF_900635155.1"	0.670552	0.959256607555619	1.61592866436773	0.561300775392834	0.0138889	"Sanguinis"	"Europe_3000BP_300BP"	"Hungary"	46.34	20.16	2453	"CentralEasternEurope"	"/willerslev/datasets/WABI_pipeline/fqs/steppe/DA198_E2_L1.fq.gz"
"10"	"DA206"	"GCF_000463465.1"	0.099391	0.965249820098411	0.10756884165243	0.0993908059084398	NA	"Anginosous"	"Steppe_2500BP_1800BP"	"Kazakhstan"	42.9	68.25	1756.5	"CentralAsia"	"/willerslev/datasets/WABI_pipeline/fqs/steppe/DA206_E1_L1.fq.gz"
"11"	"DA206"	"GCF_000463465.1"	0.099391	0.965249820098411	0.10756884165243	0.0993908059084398	NA	"Anginosous"	"Steppe_2500BP_1800BP"	"Kazakhstan"	42.9	68.25	1756.5	"CentralAsia"	"/willerslev/datasets/WABI_pipeline/fqs/steppe/DA206_E2_L1.fq.gz"
"12"	"DA223"	"GCF_000007465.2"	0.78737	0.980286168450852	2.21479444642572	0.594932424954192	NA	"Multi"	"Steppe_4000BP_2500BP"	"Kazakhstan"	43.22	77.85	2338.5	"CentralAsia"	"/willerslev/datasets/WABI_pipeline/fqs/steppe/DA223_E1_L1.fq.gz"
"13"	"DA243"	"GCF_003963555.1"	0.272574	0.971623521640422	0.340302497879258	0.272573753227073	0.0350877	"Multi"	"Steppe_3000BP_1500BP"	"Russia"	43.96	42.59	1533	"CentralEasternEurope"	"/willerslev/datasets/WABI_pipeline/fqs/steppe/DA243_E1_L1.fq.gz"
"14"	"DA246"	"GCF_000007465.2"	0.77151	0.979011649306266	1.91210005287947	0.662702263979242	NA	"Multi"	"Baikal_8000BP_7200BP"	"Russia"	51.7	103.7	7726.5	"NorthAsia"	"/willerslev/datasets/WABI_pipeline/fqs/Baikal/DA246_E1_L1.fq.gz"
"15"	"DA27"	"GCF_900635155.1"	0.345172	0.961124276087916	0.473197236023884	0.345171621495088	NA	"Sanguinis"	"SteppeCE_2000BP_700BP"	"Kazakhstan"	52.84	62.89	1591.5	"CentralAsia"	"/willerslev/datasets/WABI_pipeline/fqs/steppe/DA27_E1_L2.fq.gz"
"16"	"DA27"	"GCF_900635155.1"	0.345172	0.961124276087916	0.473197236023884	0.345171621495088	NA	"Sanguinis"	"SteppeCE_2000BP_700BP"	"Kazakhstan"	52.84	62.89	1591.5	"CentralAsia"	"/willerslev/datasets/WABI_pipeline/fqs/steppe/DA27_E1_L3.fq.gz"
"17"	"DA49"	"GCF_000306805.1"	0.104986	0.977461627971408	0.111986905322169	0.104986010622618	NA	NA	"Steppe_3500BP_1300BP"	"Kyrgyzstan"	41.43	75.33	2270.5	"CentralAsia"	"/willerslev/datasets/WABI_pipeline/fqs/steppe/DA49_E1_L2.fq.gz"
"18"	"DA4"	"GCF_000385925.1"	0.161168	0.955206520131229	0.230320246487092	0.161168479529434	NA	NA	"SteppeE_3200BP_2800BP"	"Russia"	54.68	90.85	2816.5	"NorthAsia"	"/willerslev/datasets/WABI_pipeline/fqs/steppe/DA4_E1_L1.fq.gz"
"19"	"DA58"	"GCF_002355895.1"	0.3732	0.957133993632506	0.573503892498057	0.373199745626395	NA	"Multi"	"TianShan_2000BP"	"Kyrgyzstan"	41.5	75.8	2077.5	"CentralAsia"	"/willerslev/datasets/WABI_pipeline/fqs/steppe/DA58_E1_L2.fq.gz"
"20"	"DA7"	"GCF_002356415.1"	0.040916	0.957165011631106	0.0423169869852118	0.0409162495599535	NA	NA	"Steppe_3500BP_1300BP"	"Russia"	54.68	90.85	2816.5	"NorthAsia"	"/willerslev/datasets/WABI_pipeline/fqs/steppe/DA7_E1_L1.fq.gz"
#"21"	"Kolyma_River"	"GCF_000148585.2"	0.059814	0.960681027936533	0.0669319588224624	0.059814338297261	0.027027	NA	"SiberiaNE_9800BP"	"Russia"	68.6	159.1	9785.5	"NorthAsia"	"/willerslev/datasets/WABI_pipeline/fqs/yana/Kolyma_River.8467a.trim.fq.gz"
#"22"	"Kolyma_River"	"GCF_000148585.2"	0.059814	0.960681027936533	0.0669319588224624	0.059814338297261	0.027027	NA	"SiberiaNE_9800BP"	"Russia"	68.6	159.1	9785.5	"NorthAsia"	"/willerslev/datasets/WABI_pipeline/fqs/yana/Kolyma_River.8467a1_II.trim.fq.gz"
#"23"	"Kolyma_River"	"GCF_000148585.2"	0.059814	0.960681027936533	0.0669319588224624	0.059814338297261	0.027027	NA	"SiberiaNE_9800BP"	"Russia"	68.6	159.1	9785.5	"NorthAsia"	"/willerslev/datasets/WABI_pipeline/fqs/yana/Kolyma_River.8467a2_II.trim.fq.gz"
#"24"	"Kolyma_River"	"GCF_000148585.2"	0.059814	0.960681027936533	0.0669319588224624	0.059814338297261	0.027027	NA	"SiberiaNE_9800BP"	"Russia"	68.6	159.1	9785.5	"NorthAsia"	"/willerslev/datasets/WABI_pipeline/fqs/yana/Kolyma_River.8467a_1.trim.fq.gz"
#"25"	"Kolyma_River"	"GCF_000148585.2"	0.059814	0.960681027936533	0.0669319588224624	0.059814338297261	0.027027	NA	"SiberiaNE_9800BP"	"Russia"	68.6	159.1	9785.5	"NorthAsia"	"/willerslev/datasets/WABI_pipeline/fqs/yana/Kolyma_River.8467a_2.trim.fq.gz"
#"26"	"Kolyma_River"	"GCF_000148585.2"	0.059814	0.960681027936533	0.0669319588224624	0.059814338297261	0.027027	NA	"SiberiaNE_9800BP"	"Russia"	68.6	159.1	9785.5	"NorthAsia"	"/willerslev/datasets/WABI_pipeline/fqs/yana/Kolyma_River.8467a_u.trim.fq.gz"
#"27"	"Kolyma_River"	"GCF_000148585.2"	0.059814	0.960681027936533	0.0669319588224624	0.059814338297261	0.027027	NA	"SiberiaNE_9800BP"	"Russia"	68.6	159.1	9785.5	"NorthAsia"	"/willerslev/datasets/WABI_pipeline/fqs/yana/Kolyma_River.MA819_L1.trim.fq.gz"
#"28"	"Kolyma_River"	"GCF_000148585.2"	0.059814	0.960681027936533	0.0669319588224624	0.059814338297261	0.027027	NA	"SiberiaNE_9800BP"	"Russia"	68.6	159.1	9785.5	"NorthAsia"	"/willerslev/datasets/WABI_pipeline/fqs/yana/Kolyma_River.MA956_L1.trim.fq.gz"
#"29"	"Kolyma_River"	"GCF_000148585.2"	0.059814	0.960681027936533	0.0669319588224624	0.059814338297261	0.027027	NA	"SiberiaNE_9800BP"	"Russia"	68.6	159.1	9785.5	"NorthAsia"	"/willerslev/datasets/WABI_pipeline/fqs/yana/Kolyma_River.MA962_L1.trim.fq.gz"
#"30"	"Kolyma_River"	"GCF_000148585.2"	0.059814	0.960681027936533	0.0669319588224624	0.059814338297261	0.027027	NA	"SiberiaNE_9800BP"	"Russia"	68.6	159.1	9785.5	"NorthAsia"	"/willerslev/datasets/WABI_pipeline/fqs/yana/Kolyma_River.MA962_L2.trim.fq.gz"
#"31"	"Kolyma_River"	"GCF_000148585.2"	0.059814	0.960681027936533	0.0669319588224624	0.059814338297261	0.027027	NA	"SiberiaNE_9800BP"	"Russia"	68.6	159.1	9785.5	"NorthAsia"	"/willerslev/datasets/WABI_pipeline/fqs/yana/Kolyma_River.MA962_L3.trim.fq.gz"
#"32"	"Kostenki"	"GCF_000148585.2"	0.297415	0.963072901099719	0.417015404388611	0.297415086979763	NA	"Multi"	"Europe_37000BP_33000BP"	"Russia"	51.23	39.3	37470	"CentralEasternEurope"	"/willerslev/datasets/WABI_pipeline/fqs/kostenki/K14.pe.trim.fq.gz"
#"33"	"Kostenki"	"GCF_000148585.2"	0.297415	0.963072901099719	0.417015404388611	0.297415086979763	NA	"Multi"	"Europe_37000BP_33000BP"	"Russia"	51.23	39.3	37470	"CentralEasternEurope"	"/willerslev/datasets/WABI_pipeline/fqs/kostenki/K14.se.trim.fq.gz"
#"34"	"Kostenki"	"GCF_000148585.2"	0.297415	0.963072901099719	0.417015404388611	0.297415086979763	NA	"Multi"	"Europe_37000BP_33000BP"	"Russia"	51.23	39.3	37470	"CentralEasternEurope"	"/willerslev/datasets/WABI_pipeline/fqs/kostenki/K14_10c_USER.pe.trim.fq.gz"
#"35"	"Kostenki"	"GCF_000148585.2"	0.297415	0.963072901099719	0.417015404388611	0.297415086979763	NA	"Multi"	"Europe_37000BP_33000BP"	"Russia"	51.23	39.3	37470	"CentralEasternEurope"	"/willerslev/datasets/WABI_pipeline/fqs/kostenki/K14_10c_USER.se.trim.fq.gz"
#"36"	"Kostenki"	"GCF_000148585.2"	0.297415	0.963072901099719	0.417015404388611	0.297415086979763	NA	"Multi"	"Europe_37000BP_33000BP"	"Russia"	51.23	39.3	37470	"CentralEasternEurope"	"/willerslev/datasets/WABI_pipeline/fqs/kostenki/K14_14c_USER.pe.trim.fq.gz"
#"37"	"Kostenki"	"GCF_000148585.2"	0.297415	0.963072901099719	0.417015404388611	0.297415086979763	NA	"Multi"	"Europe_37000BP_33000BP"	"Russia"	51.23	39.3	37470	"CentralEasternEurope"	"/willerslev/datasets/WABI_pipeline/fqs/kostenki/K14_14c_USER.se.trim.fq.gz"
#"38"	"Kostenki"	"GCF_000148585.2"	0.297415	0.963072901099719	0.417015404388611	0.297415086979763	NA	"Multi"	"Europe_37000BP_33000BP"	"Russia"	51.23	39.3	37470	"CentralEasternEurope"	"/willerslev/datasets/WABI_pipeline/fqs/kostenki/K14_A1_USER.pe.trim.fq.gz"
#"39"	"Kostenki"	"GCF_000148585.2"	0.297415	0.963072901099719	0.417015404388611	0.297415086979763	NA	"Multi"	"Europe_37000BP_33000BP"	"Russia"	51.23	39.3	37470	"CentralEasternEurope"	"/willerslev/datasets/WABI_pipeline/fqs/kostenki/K14_A2_USER.pe.trim.fq.gz"
#"40"	"Kostenki"	"GCF_000148585.2"	0.297415	0.963072901099719	0.417015404388611	0.297415086979763	NA	"Multi"	"Europe_37000BP_33000BP"	"Russia"	51.23	39.3	37470	"CentralEasternEurope"	"/willerslev/datasets/WABI_pipeline/fqs/kostenki/K14_A3_USER.pe.trim.fq.gz"
#"41"	"Kostenki"	"GCF_000148585.2"	0.297415	0.963072901099719	0.417015404388611	0.297415086979763	NA	"Multi"	"Europe_37000BP_33000BP"	"Russia"	51.23	39.3	37470	"CentralEasternEurope"	"/willerslev/datasets/WABI_pipeline/fqs/kostenki/K14_A4_USER.pe.trim.fq.gz"
#"42"	"Kostenki"	"GCF_000148585.2"	0.297415	0.963072901099719	0.417015404388611	0.297415086979763	NA	"Multi"	"Europe_37000BP_33000BP"	"Russia"	51.23	39.3	37470	"CentralEasternEurope"	"/willerslev/datasets/WABI_pipeline/fqs/kostenki/K14_B1_USER.pe.trim.fq.gz"
#"43"	"Kostenki"	"GCF_000148585.2"	0.297415	0.963072901099719	0.417015404388611	0.297415086979763	NA	"Multi"	"Europe_37000BP_33000BP"	"Russia"	51.23	39.3	37470	"CentralEasternEurope"	"/willerslev/datasets/WABI_pipeline/fqs/kostenki/K14_B2_USER.pe.trim.fq.gz"
#"44"	"Kostenki"	"GCF_000148585.2"	0.297415	0.963072901099719	0.417015404388611	0.297415086979763	NA	"Multi"	"Europe_37000BP_33000BP"	"Russia"	51.23	39.3	37470	"CentralEasternEurope"	"/willerslev/datasets/WABI_pipeline/fqs/kostenki/K14_B3_USER.pe.trim.fq.gz"
#"45"	"Kostenki"	"GCF_000148585.2"	0.297415	0.963072901099719	0.417015404388611	0.297415086979763	NA	"Multi"	"Europe_37000BP_33000BP"	"Russia"	51.23	39.3	37470	"CentralEasternEurope"	"/willerslev/datasets/WABI_pipeline/fqs/kostenki/K14_B4_USER.pe.trim.fq.gz"
#"46"	"Kostenki"	"GCF_000148585.2"	0.297415	0.963072901099719	0.417015404388611	0.297415086979763	NA	"Multi"	"Europe_37000BP_33000BP"	"Russia"	51.23	39.3	37470	"CentralEasternEurope"	"/willerslev/datasets/WABI_pipeline/fqs/kostenki/K14_D1.se.trim.fq.gz"
#"47"	"Kostenki"	"GCF_000148585.2"	0.297415	0.963072901099719	0.417015404388611	0.297415086979763	NA	"Multi"	"Europe_37000BP_33000BP"	"Russia"	51.23	39.3	37470	"CentralEasternEurope"	"/willerslev/datasets/WABI_pipeline/fqs/kostenki/K14_D2.se.trim.fq.gz"
#"48"	"Kostenki"	"GCF_000148585.2"	0.297415	0.963072901099719	0.417015404388611	0.297415086979763	NA	"Multi"	"Europe_37000BP_33000BP"	"Russia"	51.23	39.3	37470	"CentralEasternEurope"	"/willerslev/datasets/WABI_pipeline/fqs/kostenki/K14_D3_USER.pe.trim.fq.gz"
#"49"	"Kostenki"	"GCF_000148585.2"	0.297415	0.963072901099719	0.417015404388611	0.297415086979763	NA	"Multi"	"Europe_37000BP_33000BP"	"Russia"	51.23	39.3	37470	"CentralEasternEurope"	"/willerslev/datasets/WABI_pipeline/fqs/kostenki/K14_S2_USER.pe.trim.fq.gz"
#"50"	"Kostenki"	"GCF_000148585.2"	0.297415	0.963072901099719	0.417015404388611	0.297415086979763	NA	"Multi"	"Europe_37000BP_33000BP"	"Russia"	51.23	39.3	37470	"CentralEasternEurope"	"/willerslev/datasets/WABI_pipeline/fqs/kostenki/K14_S5_1.pe.trim.fq.gz"
#"51"	"Kostenki"	"GCF_000148585.2"	0.297415	0.963072901099719	0.417015404388611	0.297415086979763	NA	"Multi"	"Europe_37000BP_33000BP"	"Russia"	51.23	39.3	37470	"CentralEasternEurope"	"/willerslev/datasets/WABI_pipeline/fqs/kostenki/K14_S5_2.pe.trim.fq.gz"
#"52"	"Kostenki"	"GCF_000148585.2"	0.297415	0.963072901099719	0.417015404388611	0.297415086979763	NA	"Multi"	"Europe_37000BP_33000BP"	"Russia"	51.23	39.3	37470	"CentralEasternEurope"	"/willerslev/datasets/WABI_pipeline/fqs/kostenki/K14_S5_2_C.pe.trim.fq.gz"
#"53"	"Kostenki"	"GCF_000148585.2"	0.297415	0.963072901099719	0.417015404388611	0.297415086979763	NA	"Multi"	"Europe_37000BP_33000BP"	"Russia"	51.23	39.3	37470	"CentralEasternEurope"	"/willerslev/datasets/WABI_pipeline/fqs/kostenki/K14_S5_2_C_15_6.pe.trim.fq.gz"
#"54"	"Kostenki"	"GCF_000148585.2"	0.297415	0.963072901099719	0.417015404388611	0.297415086979763	NA	"Multi"	"Europe_37000BP_33000BP"	"Russia"	51.23	39.3	37470	"CentralEasternEurope"	"/willerslev/datasets/WABI_pipeline/fqs/kostenki/K14_S5_2_C_15_8.pe.trim.fq.gz"
#"55"	"Kostenki"	"GCF_000148585.2"	0.297415	0.963072901099719	0.417015404388611	0.297415086979763	NA	"Multi"	"Europe_37000BP_33000BP"	"Russia"	51.23	39.3	37470	"CentralEasternEurope"	"/willerslev/datasets/WABI_pipeline/fqs/kostenki/K14_S5_2_C_15_15.pe.trim.fq.gz"
#"56"	"Kostenki"	"GCF_000148585.2"	0.297415	0.963072901099719	0.417015404388611	0.297415086979763	NA	"Multi"	"Europe_37000BP_33000BP"	"Russia"	51.23	39.3	37470	"CentralEasternEurope"	"/willerslev/datasets/WABI_pipeline/fqs/kostenki/K14_S6.pe.trim.fq.gz"
#"57"	"Kostenki"	"GCF_000148585.2"	0.297415	0.963072901099719	0.417015404388611	0.297415086979763	NA	"Multi"	"Europe_37000BP_33000BP"	"Russia"	51.23	39.3	37470	"CentralEasternEurope"	"/willerslev/datasets/WABI_pipeline/fqs/kostenki/K14_USER.pe.trim.fq.gz"
"58"	"MA1"	"GCF_000253155.1"	0.105454	0.95733175398164	0.118940210038342	0.105454155583579	NA	NA	"Malta_24000BP"	"Russia"	52.9	103.5	24305	"NorthAsia"	"/willerslev/datasets/WABI_pipeline/fqs/malta/MA1_1ex.se.trim.fq.gz"
"59"	"MA1"	"GCF_000253155.1"	0.105454	0.95733175398164	0.118940210038342	0.105454155583579	NA	NA	"Malta_24000BP"	"Russia"	52.9	103.5	24305	"NorthAsia"	"/willerslev/datasets/WABI_pipeline/fqs/malta/MA1_sup.se.trim.fq.gz"
"60"	"MA2195"	"GCF_900475505.1"	0.0881999999999999	0.95326818615323	0.0944740516350759	0.088200452169355	NA	NA	"SteppeC_TianShan_2700BP_800BP"	"Turkey"	39.35	33.79	500	"WesternAsia"	"/willerslev/datasets/WABI_pipeline/fqs/anatolia/MA2195_L1.fq.gz"
"61"	"NEO105"	"GCF_000007465.2"	0.9102338	0.987640535362286	22.0799542531082	0.804565300266108	0.000119599	"Mutans"	NA	NA	NA	NA	NA	NA	"/willerslev/datasets/WABI_pipeline/fqs/neo-20181110/NEO105_MA1338_L1.trim.fq.gz"
"62"	"NEO130"	"GCF_900475505.1"	0.11398	0.963378337052524	0.143760337180938	0.11397967806552	NA	NA	NA	"Hungary"	46.25	20.26	7804	"CentralEasternEurope"	"/willerslev/datasets/WABI_pipeline/fqs/neo-20181110/NEO130_MA1406_L1.trim.fq.gz"
"63"	"NEO130"	"GCF_900475505.1"	0.11398	0.963378337052524	0.143760337180938	0.11397967806552	NA	NA	NA	"Hungary"	46.25	20.26	7804	"CentralEasternEurope"	"/willerslev/datasets/WABI_pipeline/fqs/neo-20181110/NEO130_MA1406_L2B.trim.fq.gz"
"64"	"NEO137"	"GCF_000007465.2"	0.889661	0.982769390024872	36.1107015753164	0.841382430920166	0.000156973	"Mutans"	"EuropeEW_8500BP_6500BP"	"Hungary"	46.42	20.33	7591	"CentralEasternEurope"	"/willerslev/datasets/WABI_pipeline/fqs/neo-20181110/NEO137_MA1413_L2.trim.fq.gz"
"65"	"NEO138"	"GCF_000006885.1"	0.076854	0.97439803336555	0.0880851075645512	0.076853837531851	NA	NA	NA	NA	NA	NA	NA	NA	"/willerslev/datasets/WABI_pipeline/fqs/neo-20181110/NEO138_MA1415_L1.trim.fq.gz"
"66"	"NEO138"	"GCF_000006885.1"	0.076854	0.97439803336555	0.0880851075645512	0.076853837531851	NA	NA	NA	NA	NA	NA	NA	NA	"/willerslev/datasets/WABI_pipeline/fqs/neo-20181110/NEO138_MA1415_L2.trim.fq.gz"
"67"	"NEO13"	"GCF_000448645.1"	0.029054	0.981360613495039	0.0304364088486577	0.0290539823000533	NA	NA	NA	"Denmark"	56.91	9.58	9507	"NorthernEurope"	"/willerslev/datasets/WABI_pipeline/fqs/neo-20181110/NEO13_MA762_L1.trim.fq.gz"
"68"	"NEO140"	"GCF_000270165.1"	0.059723	0.980141363954499	0.0619015398006835	0.0597235244231521	NA	NA	"EuropeEW_8500BP_6500BP"	"Hungary"	46.37	20.42	6718	"CentralEasternEurope"	"/willerslev/datasets/WABI_pipeline/fqs/neo-20181110/NEO140_MA1417_L1.trim.fq.gz"
"69"	"NEO160"	"GCF_000007465.2"	0.142026	0.983316446512559	0.157262073121242	0.14202589864358	NA	NA	"DonRiver_5800BP_5300BP"	"Russia"	53	40.4	5269	"CentralEasternEurope"	"/willerslev/datasets/WABI_pipeline/fqs/neo-20181110/NEO160_MA1454_L1.trim.fq.gz"
"70"	"NEO160"	"GCF_000007465.2"	0.142026	0.983316446512559	0.157262073121242	0.14202589864358	NA	NA	"DonRiver_5800BP_5300BP"	"Russia"	53	40.4	5269	"CentralEasternEurope"	"/willerslev/datasets/WABI_pipeline/fqs/neo-20181110/NEO160_MA1454_L2.trim.fq.gz"
"71"	"NEO166"	"GCF_900635155.1"	0.185271	0.96226685879745	0.218428936587772	0.185270629088861	NA	NA	"DonRiver_5800BP_5300BP"	"Russia"	53	40.4	5668	"CentralEasternEurope"	"/willerslev/datasets/WABI_pipeline/fqs/neo-20181110/NEO166_MA1460_L1.trim.fq.gz"
"72"	"NEO166"	"GCF_900635155.1"	0.185271	0.96226685879745	0.218428936587772	0.185270629088861	NA	NA	"DonRiver_5800BP_5300BP"	"Russia"	53	40.4	5668	"CentralEasternEurope"	"/willerslev/datasets/WABI_pipeline/fqs/neo-20181110/NEO166_MA1460_L2.trim.fq.gz"
"73"	"NEO170"	"GCF_900635155.1"	0.465575	0.959000754377498	0.904086605375848	0.465574651208805	0.0111111	"Multi"	"DonRiver_5800BP_5300BP"	"Russia"	53	40.4	5562	"CentralEasternEurope"	"/willerslev/datasets/WABI_pipeline/fqs/neo-20181110/NEO170_MA1464_L2.trim.fq.gz"
"74"	"NEO171"	"GCF_000463505.1"	0.053493	0.968508244119716	0.137460826274601	0.0534934009061442	0.000372024	NA	"DonRiver_5800BP_5300BP"	"Russia"	53	40.4	5835	"CentralEasternEurope"	"/willerslev/datasets/WABI_pipeline/fqs/neo-20181110/NEO171_MA1535_L1.trim.fq.gz"
"75"	"NEO172"	"GCF_900635155.1"	0.252658	0.960986407911211	0.319408801625948	0.252658329318882	NA	"Sanguinis"	NA	"Russia"	52.28	38.96	6773	"CentralEasternEurope"	"/willerslev/datasets/WABI_pipeline/fqs/neo-20181110/NEO172_MA1536_L1.trim.fq.gz"
"76"	"NEO17"	"GCF_900636715.1"	0.669321	0.974249519626681	1.92621669446645	0.551076417498104	0.00847458	"Constellatus"	"Norway_9300BP_4300BP"	"Norway"	58.06	7.74	9146	"NorthernEurope"	"/willerslev/datasets/WABI_pipeline/fqs/neo-20181110/NEO17_MA914_L1.trim.fq.gz"
"77"	"NEO17"	"GCF_900636715.1"	0.669321	0.974249519626681	1.92621669446645	0.551076417498104	0.00847458	"Constellatus"	"Norway_9300BP_4300BP"	"Norway"	58.06	7.74	9146	"NorthernEurope"	"/willerslev/datasets/WABI_pipeline/fqs/neo-20181110/NEO17_MA925_L1.trim.fq.gz"
"78"	"NEO18"	"GCF_900635155.1"	0.232947	0.964771401565148	0.298490862939646	0.232947479962698	NA	NA	"Sweden_10000BP_7500BP"	"Sweden"	58.39	13.56	9901	"NorthernEurope"	"/willerslev/datasets/WABI_pipeline/fqs/neo-20181110/NEO18_MA915_L1.trim.fq.gz"
"79"	"NEO18"	"GCF_900635155.1"	0.232947	0.964771401565148	0.298490862939646	0.232947479962698	NA	NA	"Sweden_10000BP_7500BP"	"Sweden"	58.39	13.56	9901	"NorthernEurope"	"/willerslev/datasets/WABI_pipeline/fqs/neo-20181110/NEO18_MA916_L1.trim.fq.gz"
"80"	"NEO18"	"GCF_900635155.1"	0.232947	0.964771401565148	0.298490862939646	0.232947479962698	NA	NA	"Sweden_10000BP_7500BP"	"Sweden"	58.39	13.56	9901	"NorthernEurope"	"/willerslev/datasets/WABI_pipeline/fqs/neo-20181110/NEO18_MA926_L1.trim.fq.gz"
"81"	"NEO18"	"GCF_900635155.1"	0.232947	0.964771401565148	0.298490862939646	0.232947479962698	NA	NA	"Sweden_10000BP_7500BP"	"Sweden"	58.39	13.56	9901	"NorthernEurope"	"/willerslev/datasets/WABI_pipeline/fqs/neo-20181110/NEO18_MA927_L1.trim.fq.gz"
"82"	"NEO202"	"GCF_900635155.1"	0.642306	0.958263715992662	3.12865521605374	0.470533504673075	0.012204	"Multi"	"RussiaNW_11000BP_8000BP"	"Russia"	61.27	38.91	10884	"CentralEasternEurope"	"/willerslev/datasets/WABI_pipeline/fqs/neo-20181110/NEO202_MA1497_L1.trim.fq.gz"
"83"	"NEO23"	"GCF_900635155.1"	0.149625	0.964599162699267	0.171109255354261	0.149625268459802	NA	NA	"Scandinavia_5600BP_4600BP"	"Denmark"	55.6	11.31	5533	"NorthernEurope"	"/willerslev/datasets/WABI_pipeline/fqs/neo-20181110/NEO23_MA922_L1.trim.fq.gz"
"84"	"NEO298"	"GCF_900635155.1"	0.073502	0.955346287451151	0.0780468625210414	0.0735023766822034	NA	NA	"Baikal_4800BP_4200BP"	"Russia"	53	103.7	4614	"NorthAsia"	"/willerslev/datasets/WABI_pipeline/fqs/yana/NEO298.lib_NEO298_MA1632_L1.trim.fq.gz"
"85"	"NEO308"	"GCF_000390245.1"	0.06503	0.961807912204213	0.0852637642249378	0.0650301793885227	NA	NA	NA	NA	NA	NA	NA	NA	"/willerslev/datasets/WABI_pipeline/fqs/neo-20181110/NEO308_MA1635_L1.trim.fq.gz"
"86"	"NEO31"	"GCF_000007465.2"	0.725437	0.989004418716268	1.80567851740718	0.616502822288082	NA	"Mutans"	NA	NA	NA	NA	NA	NA	"/willerslev/datasets/WABI_pipeline/fqs/neo-20181110/NEO31_MA1087_L1.trim.fq.gz"
"87"	"NEO554"	"GCF_002355895.1"	0.048482	0.958146541226559	0.05758476002843	0.0484816555897768	NA	NA	NA	"Russia"	60.45	38.63	8063	"CentralEasternEurope"	"/willerslev/datasets/WABI_pipeline/fqs/neo-20181110/NEO554_MA1737_L1.trim.fq.gz"
"88"	"NEO630"	"GCF_000006785.2"	0.360976	0.98182246737619	0.478546322593044	0.360975538656459	NA	"Pyogenes"	"EuropeNW_6000BP_5000BP"	"UK"	58.73	-2.94	4898	"WesternEurope"	"/willerslev/datasets/WABI_pipeline/fqs/neo-20181110/NEO630_MA1744_L1.trim.fq.gz"
"89"	"NEO648"	"GCF_900475275.1"	0.072986	0.959154342388204	0.0781526190203514	0.0729861666038285	NA	NA	"Iberia_9000BP_7000BP"	"Spain"	43.4	-4.71	7539	"SouthernEurope"	"/willerslev/datasets/WABI_pipeline/fqs/neo-20181110/NEO648_MA1982_L1.trim.fq.gz"
"90"	"NEO65"	"GCF_000007465.2"	0.525817	0.98582060115756	0.900281613930666	0.525817233788753	NA	"Mutans"	"SteppeCE_7000BP_3600BP"	"Russia"	52.72	84.68	4793	"NorthAsia"	"/willerslev/datasets/WABI_pipeline/fqs/neo-20181110/NEO65_MA1301_L1.trim.fq.gz"
"91"	"NEO677"	"GCF_900635155.1"	0.647462	0.96013174030939	1.59213218411989	0.533376295375479	0.02	"Multi"	NA	"Serbia"	44.54	22.04	8668	"CentralEasternEurope"	"/willerslev/datasets/WABI_pipeline/fqs/neo-20181110/NEO677_MA2012_L1.trim.fq.gz"
"92"	"NEO752"	"GCF_900635155.1"	0.572897	0.960933410023005	1.88613618289458	0.45753896983463	0.00521091	"Multi"	"Scandinavia_4200BP_3200BP"	"Denmark"	55.62	11.33	3589	"NorthernEurope"	"/willerslev/datasets/WABI_pipeline/fqs/neo-20181110/NEO752_MA2158_L1.trim.fq.gz"
"93"	"NEO83"	"GCF_002355895.1"	0.280032	0.955055137313116	0.39194681014668	0.280031775918467	NA	"Streptococcus_sp._oral_taxon_431"	"Botai_5600BP_5100BP"	"Russia"	55.73	74.29	5666	"NorthAsia"	"/willerslev/datasets/WABI_pipeline/fqs/neo-20181110/NEO83_MA1320_L1.trim.fq.gz"
"94"	"NEO888"	"GCF_000148585.2"	0.117827	0.967983938297619	0.134563265865225	0.11782706568576	NA	NA	NA	"Denmark"	54.73	11.99	5383	"NorthernEurope"	"/willerslev/datasets/WABI_pipeline/fqs/neo-20181110/NEO888_MA2537_L1.trim.fq.gz"
"95"	"NEO904"	"GCF_900635155.1"	0.307833	0.959678923716119	0.449639292558373	0.307832776818123	NA	"Sanguinis"	"SteppeC_4500BP_3600BP"	"Kazakhstan"	51.65	74.65	3708	"CentralAsia"	"/willerslev/datasets/WABI_pipeline/fqs/neo-20181110/NEO904_MA2745_L1.trim.fq.gz"
"96"	"RISE145"	"GCF_900475505.1"	0.688964	0.95594177686844	2.91682234568186	0.552481496654733	0.0141993	"Samguinis"	NA	NA	NA	NA	NA	NA	"/willerslev/datasets/WABI_pipeline/fqs/rise/RISE145_MA157_L1.fq.gz"
"97"	"RISE145"	"GCF_900475505.1"	0.688964	0.95594177686844	2.91682234568186	0.552481496654733	0.0141993	"Samguinis"	NA	NA	NA	NA	NA	NA	"/willerslev/datasets/WABI_pipeline/fqs/rise/RISE145_MA157_L2.fq.gz"
"98"	"RISE145"	"GCF_900475505.1"	0.688964	0.95594177686844	2.91682234568186	0.552481496654733	0.0141993	"Samguinis"	NA	NA	NA	NA	NA	NA	"/willerslev/datasets/WABI_pipeline/fqs/rise/RISE145_MA165_L1.fq.gz"
"99"	"RISE150"	"GCF_900475505.1"	0.169823	0.956414318625613	0.200868377619315	0.169822985232008	NA	NA	"EuropeNE_4800BP_3000BP"	"Poland"	50.92	16.96	3739	"CentralEasternEurope"	"/willerslev/datasets/WABI_pipeline/fqs/rise/RISE150_MA178_L1.fq.gz"
"100"	"RISE154"	"GCF_003963555.1"	0.0764049999999999	0.97505763174129	0.0808786568022628	0.0764050078395222	NA	NA	"Europe_4500BP_2000BP"	"Poland"	50.95	16.94	3795	"CentralEasternEurope"	"/willerslev/datasets/WABI_pipeline/fqs/rise/RISE154_MA183_L1.fq.gz"
"101"	"RISE210"	"GCF_900475275.1"	0.113835	0.953457599637203	0.138067167741778	0.113834811637879	NA	NA	NA	NA	NA	NA	NA	NA	"/willerslev/datasets/WABI_pipeline/fqs/rise/RISE210_MA294_L1.fq.gz"
"102"	"RISE210"	"GCF_900635155.1"	0.113835	0.955743639109214	0.137743340353856	0.113835429957254	NA	NA	NA	NA	NA	NA	NA	NA	"/willerslev/datasets/WABI_pipeline/fqs/rise/RISE210_MA294_L1.fq.gz"
"103"	"RISE210"	"GCF_900475275.1"	0.113835	0.953457599637203	0.138067167741778	0.113834811637879	NA	NA	NA	NA	NA	NA	NA	NA	"/willerslev/datasets/WABI_pipeline/fqs/rise/RISE210_MA294_L1.fq.gz"
"104"	"RISE210"	"GCF_900635155.1"	0.113835	0.955743639109214	0.137743340353856	0.113835429957254	NA	NA	NA	NA	NA	NA	NA	NA	"/willerslev/datasets/WABI_pipeline/fqs/rise/RISE210_MA294_L1.fq.gz"
"105"	"RISE239"	"GCF_900635155.1"	0.128038	0.958368798460911	0.145340927531	0.128038325192153	NA	NA	NA	NA	NA	NA	NA	NA	"/willerslev/datasets/WABI_pipeline/fqs/rise/RISE239_MA321_L1.fq.gz"
"106"	"RISE270"	"GCF_900475505.1"	0.848326	0.952921553356691	27.3002772835184	0.603151686081945	0.0282419	"Multi"	NA	NA	NA	NA	NA	NA	"/willerslev/datasets/WABI_pipeline/fqs/rise/RISE270_MA352_L1.fq.gz"
"107"	"RISE274"	"GCF_900475445.1"	0.134973	0.953864079981969	0.235086242364465	0.134973312183712	NA	NA	NA	NA	NA	NA	NA	NA	"/willerslev/datasets/WABI_pipeline/fqs/rise/RISE274_MA384_L1.fq.gz"
"108"	"RISE349"	"GCF_000007465.2"	0.58921	0.970321477958971	1.01735184524761	0.432579411439182	NA	"Mutans"	NA	NA	NA	NA	NA	NA	"/willerslev/datasets/WABI_pipeline/fqs/rise/RISE349_MA587_L1.fq.gz"
"109"	"RISE349"	"GCF_000007465.2"	0.58921	0.970321477958971	1.01735184524761	0.432579411439182	NA	"Mutans"	NA	NA	NA	NA	NA	NA	"/willerslev/datasets/WABI_pipeline/fqs/rise/RISE349_MA587_L2.fq.gz"
"110"	"RISE371"	"GCF_000007465.2"	0.177327	0.971896534989809	0.202061561543097	0.177326758242434	NA	NA	NA	NA	NA	NA	NA	NA	"/willerslev/datasets/WABI_pipeline/fqs/rise/RISE371_MA610_L1.fq.gz"
"111"	"RISE371"	"GCF_000007465.2"	0.177327	0.971896534989809	0.202061561543097	0.177326758242434	NA	NA	NA	NA	NA	NA	NA	NA	"/willerslev/datasets/WABI_pipeline/fqs/rise/RISE371_MA610_L2.fq.gz"
"112"	"RISE373"	"GCF_000007465.2"	0.85375	0.981188198828677	4.98038392955962	0.686675996409115	0.000359238	"Mutans"	"Europe_4000BP_2000BP"	"Hungary"	46.22	20.2	3741	"CentralEasternEurope"	"/willerslev/datasets/WABI_pipeline/fqs/rise/RISE373_MA612_L2.fq.gz"
"113"	"RISE374"	"GCF_900635155.1"	0.326305	0.953562579845922	0.437089207248637	0.326304760185796	NA	"Sanguinis"	"Europe_4000BP_2000BP"	"Hungary"	46.22	20.2	3692.5	"CentralEasternEurope"	"/willerslev/datasets/WABI_pipeline/fqs/rise/RISE374_MA613_L2.fq.gz"
"114"	"RISE374"	"GCF_900635155.1"	0.326305	0.953562579845922	0.437089207248637	0.326304760185796	NA	"Sanguinis"	"Europe_4000BP_2000BP"	"Hungary"	46.22	20.2	3692.5	"CentralEasternEurope"	"/willerslev/datasets/WABI_pipeline/fqs/rise/RISE374_MA613_L3.fq.gz"
"115"	"RISE377"	"GCF_900635155.1"	0.11453	0.948796895898719	0.127568030647951	0.114530279554093	NA	NA	NA	NA	NA	NA	NA	NA	"/willerslev/datasets/WABI_pipeline/fqs/rise/RISE377_MA617_L2.fq.gz"
"116"	"RISE386"	"GCF_900635155.1"	0.865881	0.950382239059718	8.44808308367472	0.646837796447388	0.0173439	"Multi"	"Steppe_4000BP_2500BP"	"Russia"	52.45	55.16	4121.5	"CentralEasternEurope"	"/willerslev/datasets/WABI_pipeline/fqs/rise/RISE386_MA626_L2.fq.gz"
"117"	"RISE386"	"GCF_900635155.1"	0.865881	0.950382239059718	8.44808308367472	0.646837796447388	0.0173439	"Multi"	"Steppe_4000BP_2500BP"	"Russia"	52.45	55.16	4121.5	"CentralEasternEurope"	"/willerslev/datasets/WABI_pipeline/fqs/rise/RISE386_MA626_L3.fq.gz"
"118"	"RISE387"	"GCF_900635155.1"	0.475911	0.952195630631669	0.881713295735191	0.475910538961785	NA	"Multi"	NA	NA	NA	NA	NA	NA	"/willerslev/datasets/WABI_pipeline/fqs/rise/RISE387_MA627_L2.fq.gz"
"119"	"RISE391"	"GCF_900635155.1"	0.059993	0.955451340428487	0.0639753108074957	0.0599930599778071	NA	NA	NA	NA	NA	NA	NA	NA	"/willerslev/datasets/WABI_pipeline/fqs/rise/RISE391_MA632_L2.fq.gz"
"120"	"RISE392"	"GCF_900635155.1"	0.9084726	0.951386220927718	14.524074631931	0.716496562683554	0.0218752	"Multi"	"Steppe_4000BP_2500BP"	"Russia"	53.88	59.08	3961	"CentralEasternEurope"	"/willerslev/datasets/WABI_pipeline/fqs/rise/RISE392_MA633_L2.fq.gz"
"121"	"RISE394"	"GCF_900635155.1"	0.4642	0.954413430109292	0.873834802897862	0.464200204811156	0.00280899	"Multi"	"Steppe_4000BP_2500BP"	"Russia"	52.45	55.16	3801.5	"CentralEasternEurope"	"/willerslev/datasets/WABI_pipeline/fqs/rise/RISE394_MA635_L2.fq.gz"
"122"	"RISE395"	"GCF_900635155.1"	0.180177	0.953528716248958	0.218303101020539	0.180177042593009	NA	NA	"Steppe_4000BP_2500BP"	"Russia"	52.64	59.54	3808	"CentralEasternEurope"	"/willerslev/datasets/WABI_pipeline/fqs/rise/RISE395_MA636_L2.fq.gz"
"123"	"RISE399"	"GCF_900635155.1"	0.094006	0.954312631482667	0.101711151869972	0.094006371431852	NA	NA	NA	NA	NA	NA	NA	NA	"/willerslev/datasets/WABI_pipeline/fqs/rise/RISE399_MA641_L1.fq.gz"
"124"	"RISE399"	"GCF_900635155.1"	0.094006	0.954312631482667	0.101711151869972	0.094006371431852	NA	NA	NA	NA	NA	NA	NA	NA	"/willerslev/datasets/WABI_pipeline/fqs/rise/RISE399_MA641_L2.fq.gz"
"125"	"RISE407"	"GCF_003963555.1"	0.045045	0.960771797800623	0.0466915115176632	0.0450453431662216	NA	NA	"Caucasus_3300BP_1300BP"	"Armenia"	40.15	45.86	2955	"WesternAsia"	"/willerslev/datasets/WABI_pipeline/fqs/rise/RISE407_MA649_L1.fq.gz"
"126"	"RISE408"	"GCF_900635155.1"	0.134525	0.956107747393986	0.149291825391075	0.134525000391912	NA	NA	NA	NA	NA	NA	NA	NA	"/willerslev/datasets/WABI_pipeline/fqs/rise/RISE408_MA651_L1.fq.gz"
"127"	"RISE408"	"GCF_900635155.1"	0.134525	0.956107747393986	0.149291825391075	0.134525000391912	NA	NA	NA	NA	NA	NA	NA	NA	"/willerslev/datasets/WABI_pipeline/fqs/rise/RISE408_MA651_L2.fq.gz"
"128"	"RISE412"	"GCF_900636715.1"	0.80783	0.971630334963038	3.36257986928989	0.59337937661497	0.0214128	"Multi"	NA	NA	NA	NA	NA	NA	"/willerslev/datasets/WABI_pipeline/fqs/rise/RISE412_MA655_L2.fq.gz"
"129"	"RISE412"	"GCF_900636715.1"	0.80783	0.971630334963038	3.36257986928989	0.59337937661497	0.0214128	"Multi"	NA	NA	NA	NA	NA	NA	"/willerslev/datasets/WABI_pipeline/fqs/rise/RISE412_MA655_L3.fq.gz"
"130"	"RISE413"	"GCF_900475015.1"	0.702531	0.955641657306701	2.40199651583394	0.501918912152724	0.0167443	"Multi"	NA	NA	NA	NA	NA	NA	"/willerslev/datasets/WABI_pipeline/fqs/rise/RISE413_MA656_L2.fq.gz"
"131"	"RISE416"	"GCF_900635155.1"	0.763846	0.951876465262618	3.60185457052151	0.536073921828573	0.0191342	"Multi"	NA	NA	NA	NA	NA	NA	"/willerslev/datasets/WABI_pipeline/fqs/rise/RISE416_MA659_L3.fq.gz"
"132"	"RISE434"	"GCF_900636715.1"	0.134391	0.977075694169927	0.155128610578444	0.134390888581217	NA	NA	NA	NA	NA	NA	NA	NA	"/willerslev/datasets/WABI_pipeline/fqs/rise/RISE434_MA679_L1.fq.gz"
"133"	"RISE440"	"GCF_900635155.1"	0.633641	0.957988706779479	1.55286089492391	0.520531958209034	0.00595238	"Sanguinis"	NA	NA	NA	NA	NA	NA	"/willerslev/datasets/WABI_pipeline/fqs/rise/RISE440_MA686_L1.fq.gz"
"134"	"RISE446"	"GCF_900475275.1"	0.771689	0.953684801698528	3.15819252659468	0.565336750183475	0.0185321	"Sanguinis"	"Europe_4500BP_2000BP"	"Germany"	50.01	10.18	4597	"WesternEurope"	"/willerslev/datasets/WABI_pipeline/fqs/rise/RISE446_MA693_L2.fq.gz"
"135"	"RISE446"	"GCF_900475275.1"	0.771689	0.953684801698528	3.15819252659468	0.565336750183475	0.0185321	"Sanguinis"	"Europe_4500BP_2000BP"	"Germany"	50.01	10.18	4597	"WesternEurope"	"/willerslev/datasets/WABI_pipeline/fqs/rise/RISE446_MA693_L3.fq.gz"
"136"	"RISE478"	"GCF_000011825.1"	0.525717	0.989891940025511	0.947720617125786	0.525716728089107	0.00181818	"Thermophilus"	NA	NA	NA	NA	NA	NA	"/willerslev/datasets/WABI_pipeline/fqs/rise/RISE478_MA728_L1.fq.gz"
"137"	"RISE47"	"GCF_900635155.1"	0.104495	0.960375011484992	0.119879774072196	0.104495210833892	NA	NA	NA	"Denmark"	56.97	9.55	3361.5	"NorthernEurope"	"/willerslev/datasets/WABI_pipeline/fqs/rise/RISE47_MA230_L1.fq.gz"
"138"	"RISE47"	"GCF_900635155.1"	0.104495	0.960375011484992	0.119879774072196	0.104495210833892	NA	NA	NA	"Denmark"	56.97	9.55	3361.5	"NorthernEurope"	"/willerslev/datasets/WABI_pipeline/fqs/rise/RISE47_MA230_L2.fq.gz"
"139"	"RISE487"	"GCF_000006885.1"	0.120441	0.973909136363022	0.136976697046799	0.120441013271678	NA	NA	NA	"Italy"	45.26	10.38	5245	"SouthernEurope"	"/willerslev/datasets/WABI_pipeline/fqs/rise/RISE487_MA854_L1.fq.gz"
"140"	"RISE489"	"GCF_000017005.1"	0.432162	0.961487671234696	0.685574749324202	0.432162071361001	0.0144928	"Multi"	"EuropeSW_6000BP_3500BP"	"Italy"	45.26	10.38	4693	"SouthernEurope"	"/willerslev/datasets/WABI_pipeline/fqs/rise/RISE489_MA856_L1.fq.gz"
"141"	"RISE533"	"GCF_000007465.2"	0.101082	0.967845529728013	0.109645461588598	0.10108243048809	NA	NA	NA	NA	NA	NA	NA	NA	"/willerslev/datasets/WABI_pipeline/fqs/rise/RISE533_MA900_L1.fq.gz"
"142"	"RISE540"	"GCF_000007465.2"	0.281749	0.981167796068899	0.364852121942521	0.281749203733537	NA	"Mutans"	NA	NA	NA	NA	NA	NA	"/willerslev/datasets/WABI_pipeline/fqs/rise/RISE540_MA907_L2.fq.gz"
"143"	"RISE547"	"GCF_000006885.1"	0.780525	0.977858797678407	3.32456746027706	0.605091325511074	0.00191939	"Pneumonia"	"Steppe_5000BP_4300BP"	"Russia"	46.54	43.7	4710.5	"CentralEasternEurope"	"/willerslev/datasets/WABI_pipeline/fqs/rise/RISE547_MA1033_L1.fq.gz"
"144"	"RISE548"	"GCF_900635155.1"	0.81098	0.955837342544291	5.47480089805074	0.595369943150852	0.0215635	"Multi"	"Steppe_5000BP_4300BP"	"Russia"	46.54	43.7	4850	"CentralEasternEurope"	"/willerslev/datasets/WABI_pipeline/fqs/rise/RISE548_MA1034_L1.fq.gz"
"145"	"RISE550"	"GCF_000017005.1"	0.385901	0.960465804751606	0.604290509873617	0.385900971565038	NA	"Multi"	"Steppe_5000BP_4300BP"	"Russia"	46.56	43.68	4934.5	"CentralEasternEurope"	"/willerslev/datasets/WABI_pipeline/fqs/rise/RISE550_MA1036_L1.fq.gz"
"146"	"RISE563"	"GCF_900635155.1"	0.9380542	0.95536553317869	26.2207787145537	0.742977503648	0.0239882	"Multi"	"Europe_4500BP_2000BP"	"Germany"	48.69	13.02	4492	"WesternEurope"	"/willerslev/datasets/WABI_pipeline/fqs/rise/RISE563_MA1073_L1.fq.gz"
"147"	"RISE564"	"GCF_900475505.1"	0.851042	0.954038904733063	5.50667043401902	0.677910602586267	0.013879	"Sanguinis"	NA	NA	NA	NA	NA	NA	"/willerslev/datasets/WABI_pipeline/fqs/rise/RISE564_MA1058_L1.fq.gz"
"148"	"RISE569"	"GCF_000007465.2"	0.375275	0.983163440503428	0.509900266856869	0.375275034740583	NA	"Mutans"	"EuropeNE_1200BP_700BP"	"CzechRepublic"	50.19	14.16	1235	"CentralEasternEurope"	"/willerslev/datasets/WABI_pipeline/fqs/rise/RISE569_MA1061_L1.fq.gz"
"149"	"RISE588"	"GCF_900635155.1"	0.275801	0.963554123218215	0.425133557295222	0.275801481470183	0.0113636	NA	NA	NA	NA	NA	NA	NA	"/willerslev/datasets/WABI_pipeline/fqs/rise/RISE588_MA1049_L1.fq.gz"
"150"	"RISE664"	"GCF_900635155.1"	0.133617	0.962241331830557	0.149217679854827	0.133617459028236	NA	NA	"Okunev_4500BP_4000BP"	"Russia"	53.55	91.03	4282.5	"NorthAsia"	"/willerslev/datasets/WABI_pipeline/fqs/Okunevo/RISE664_MA1365_L1.fq.gz"
"151"	"RISE680"	"GCF_900635155.1"	0.345471	0.959227229638633	0.46566447322986	0.345470745772751	NA	"Sanguinis"	"Okunev_4500BP_4000BP"	"Russia"	53.71	90.36	4300	"NorthAsia"	"/willerslev/datasets/WABI_pipeline/fqs/Okunevo/RISE680_MA1368_L1.fq.gz"
"152"	"RISE681"	"GCF_900635155.1"	0.110263	0.955592122612154	0.120483530581644	0.110262886176433	NA	NA	"Okunev_4500BP_4000BP"	"Russia"	53.71	90.36	4300	"NorthAsia"	"/willerslev/datasets/WABI_pipeline/fqs/Okunevo/RISE681_MA1369_L1.fq.gz"
"153"	"RISE681"	"GCF_900635155.1"	0.110263	0.955592122612154	0.120483530581644	0.110262886176433	NA	NA	"Okunev_4500BP_4000BP"	"Russia"	53.71	90.36	4300	"NorthAsia"	"/willerslev/datasets/WABI_pipeline/fqs/Okunevo/RISE681_MA1369_L2.fq.gz"
"154"	"RISE71"	"GCF_900475505.1"	0.130364	0.960224566899135	0.164545499269241	0.130363742513367	NA	NA	"Scandinavia_4200BP_3200BP"	"Denmark"	56.68	10.03	4059.5	"NorthernEurope"	"/willerslev/datasets/WABI_pipeline/fqs/rise/RISE71_MA258_L1.fq.gz"
"155"	"RISE99"	"GCF_000017005.1"	0.192666	0.961846847025822	0.229118999645826	0.192666418411208	NA	"Multi"	NA	NA	NA	NA	NA	NA	"/willerslev/datasets/WABI_pipeline/fqs/rise/RISE99_MA1030_L1.fq.gz"
"156"	"SII"	"GCF_000148585.2"	0.097112	0.965208003381424	0.105048844684231	0.0971120182483334	NA	NA	"Europe_37000BP_33000BP"	"Russia"	56.18	40.5	34234	"CentralEasternEurope"	"/willerslev/datasets/public/sikora_2017_science/fq/fq.combined/SII_383_NOT_USER_21_ACATAC.trim.fq.gz"
"157"	"SII"	"GCF_000148585.2"	0.097112	0.965208003381424	0.105048844684231	0.0971120182483334	NA	NA	"Europe_37000BP_33000BP"	"Russia"	56.18	40.5	34234	"CentralEasternEurope"	"/willerslev/datasets/public/sikora_2017_science/fq/fq.combined/SII_383_NOT_USER_29_TGATGC.trim.fq.gz"
"158"	"SII"	"GCF_000148585.2"	0.097112	0.965208003381424	0.105048844684231	0.0971120182483334	NA	NA	"Europe_37000BP_33000BP"	"Russia"	56.18	40.5	34234	"CentralEasternEurope"	"/willerslev/datasets/public/sikora_2017_science/fq/fq.combined/SII_383_NOT_USER_37_ACTGCC.trim.fq.gz"
"159"	"SII"	"GCF_000148585.2"	0.097112	0.965208003381424	0.105048844684231	0.0971120182483334	NA	NA	"Europe_37000BP_33000BP"	"Russia"	56.18	40.5	34234	"CentralEasternEurope"	"/willerslev/datasets/public/sikora_2017_science/fq/fq.combined/SII_383_USER_7_CAGATC.trim.fq.gz"
"160"	"SII"	"GCF_000148585.2"	0.097112	0.965208003381424	0.105048844684231	0.0971120182483334	NA	NA	"Europe_37000BP_33000BP"	"Russia"	56.18	40.5	34234	"CentralEasternEurope"	"/willerslev/datasets/public/sikora_2017_science/fq/fq.combined/SII_383_USER_31_GACACT.trim.fq.gz"
"161"	"SII"	"GCF_000148585.2"	0.097112	0.965208003381424	0.105048844684231	0.0971120182483334	NA	NA	"Europe_37000BP_33000BP"	"Russia"	56.18	40.5	34234	"CentralEasternEurope"	"/willerslev/datasets/public/sikora_2017_science/fq/fq.combined/SII_383_USER_32_ACGCAT.trim.fq.gz"
"162"	"SII"	"GCF_000148585.2"	0.097112	0.965208003381424	0.105048844684231	0.0971120182483334	NA	NA	"Europe_37000BP_33000BP"	"Russia"	56.18	40.5	34234	"CentralEasternEurope"	"/willerslev/datasets/public/sikora_2017_science/fq/fq.combined/SII_383_USER_33_GACCGG.trim.fq.gz"
"163"	"SII"	"GCF_000148585.2"	0.097112	0.965208003381424	0.105048844684231	0.0971120182483334	NA	NA	"Europe_37000BP_33000BP"	"Russia"	56.18	40.5	34234	"CentralEasternEurope"	"/willerslev/datasets/public/sikora_2017_science/fq/fq.combined/SII_383_USER_34_GAGATA.trim.fq.gz"
"164"	"SII"	"GCF_000148585.2"	0.097112	0.965208003381424	0.105048844684231	0.0971120182483334	NA	NA	"Europe_37000BP_33000BP"	"Russia"	56.18	40.5	34234	"CentralEasternEurope"	"/willerslev/datasets/public/sikora_2017_science/fq/fq.combined/SII_383_USER_35_CTGACA.trim.fq.gz"
"165"	"SII"	"GCF_000148585.2"	0.097112	0.965208003381424	0.105048844684231	0.0971120182483334	NA	NA	"Europe_37000BP_33000BP"	"Russia"	56.18	40.5	34234	"CentralEasternEurope"	"/willerslev/datasets/public/sikora_2017_science/fq/fq.combined/SII_383_USER_37_ACTGCC.trim.fq.gz"
"166"	"SII"	"GCF_000148585.2"	0.097112	0.965208003381424	0.105048844684231	0.0971120182483334	NA	NA	"Europe_37000BP_33000BP"	"Russia"	56.18	40.5	34234	"CentralEasternEurope"	"/willerslev/datasets/public/sikora_2017_science/fq/fq.combined/SII_383_USER_38_GCAACG.trim.fq.gz"
"167"	"SII"	"GCF_000148585.2"	0.097112	0.965208003381424	0.105048844684231	0.0971120182483334	NA	NA	"Europe_37000BP_33000BP"	"Russia"	56.18	40.5	34234	"CentralEasternEurope"	"/willerslev/datasets/public/sikora_2017_science/fq/fq.combined/SII_383_USER_41_TGTCTG.trim.fq.gz"
"168"	"SII"	"GCF_000148585.2"	0.097112	0.965208003381424	0.105048844684231	0.0971120182483334	NA	NA	"Europe_37000BP_33000BP"	"Russia"	56.18	40.5	34234	"CentralEasternEurope"	"/willerslev/datasets/public/sikora_2017_science/fq/fq.combined/SII_383_USER_41_TGTCTG_B.trim.fq.gz"
"169"	"SII"	"GCF_000148585.2"	0.097112	0.965208003381424	0.105048844684231	0.0971120182483334	NA	NA	"Europe_37000BP_33000BP"	"Russia"	56.18	40.5	34234	"CentralEasternEurope"	"/willerslev/datasets/public/sikora_2017_science/fq/fq.combined/SII_383_USER_46_CACGAA.trim.fq.gz"
"170"	"SII"	"GCF_000148585.2"	0.097112	0.965208003381424	0.105048844684231	0.0971120182483334	NA	NA	"Europe_37000BP_33000BP"	"Russia"	56.18	40.5	34234	"CentralEasternEurope"	"/willerslev/datasets/public/sikora_2017_science/fq/fq.combined/SII_384_NOT_USER_22_TGAGCC.trim.fq.gz"
"171"	"SII"	"GCF_000148585.2"	0.097112	0.965208003381424	0.105048844684231	0.0971120182483334	NA	NA	"Europe_37000BP_33000BP"	"Russia"	56.18	40.5	34234	"CentralEasternEurope"	"/willerslev/datasets/public/sikora_2017_science/fq/fq.combined/SII_384_NOT_USER_38_GCAACG.trim.fq.gz"
"172"	"SII"	"GCF_000148585.2"	0.097112	0.965208003381424	0.105048844684231	0.0971120182483334	NA	NA	"Europe_37000BP_33000BP"	"Russia"	56.18	40.5	34234	"CentralEasternEurope"	"/willerslev/datasets/public/sikora_2017_science/fq/fq.combined/SII_384_NOT_USER_48_ACAGTC.trim.fq.gz"
"173"	"SII"	"GCF_000148585.2"	0.097112	0.965208003381424	0.105048844684231	0.0971120182483334	NA	NA	"Europe_37000BP_33000BP"	"Russia"	56.18	40.5	34234	"CentralEasternEurope"	"/willerslev/datasets/public/sikora_2017_science/fq/fq.combined/SII_384_USER_26_TGTGAC.trim.fq.gz"
"174"	"SII"	"GCF_000148585.2"	0.097112	0.965208003381424	0.105048844684231	0.0971120182483334	NA	NA	"Europe_37000BP_33000BP"	"Russia"	56.18	40.5	34234	"CentralEasternEurope"	"/willerslev/datasets/public/sikora_2017_science/fq/fq.combined/SII_384_USER_34_GAGATA.trim.fq.gz"
"175"	"SII"	"GCF_000148585.2"	0.097112	0.965208003381424	0.105048844684231	0.0971120182483334	NA	NA	"Europe_37000BP_33000BP"	"Russia"	56.18	40.5	34234	"CentralEasternEurope"	"/willerslev/datasets/public/sikora_2017_science/fq/fq.combined/SII_384_USER_42_ACGTGC.trim.fq.gz"
"176"	"SIII"	"GCF_001281025.1"	0.030531	0.964148655159238	0.0315672302585472	0.0305312157721797	NA	NA	"Europe_37000BP_33000BP"	"Russia"	56.18	40.5	34092.5	"CentralEasternEurope"	"/willerslev/datasets/public/sikora_2017_science/fq/fq.combined/SIII_385_NOT_USER_1_ATCACG.trim.fq.gz"
"177"	"SIII"	"GCF_001281025.1"	0.030531	0.964148655159238	0.0315672302585472	0.0305312157721797	NA	NA	"Europe_37000BP_33000BP"	"Russia"	56.18	40.5	34092.5	"CentralEasternEurope"	"/willerslev/datasets/public/sikora_2017_science/fq/fq.combined/SIII_385_NOT_USER_5_ACAGTG.trim.fq.gz"
"178"	"SIII"	"GCF_001281025.1"	0.030531	0.964148655159238	0.0315672302585472	0.0305312157721797	NA	NA	"Europe_37000BP_33000BP"	"Russia"	56.18	40.5	34092.5	"CentralEasternEurope"	"/willerslev/datasets/public/sikora_2017_science/fq/fq.combined/SIII_385_NOT_USER_18_TGAACA.trim.fq.gz"
"179"	"SIII"	"GCF_001281025.1"	0.030531	0.964148655159238	0.0315672302585472	0.0305312157721797	NA	NA	"Europe_37000BP_33000BP"	"Russia"	56.18	40.5	34092.5	"CentralEasternEurope"	"/willerslev/datasets/public/sikora_2017_science/fq/fq.combined/SIII_385_USER_3_TTAGGC.trim.fq.gz"
"180"	"SIII"	"GCF_001281025.1"	0.030531	0.964148655159238	0.0315672302585472	0.0305312157721797	NA	NA	"Europe_37000BP_33000BP"	"Russia"	56.18	40.5	34092.5	"CentralEasternEurope"	"/willerslev/datasets/public/sikora_2017_science/fq/fq.combined/SIII_385_USER_7_CAGATC.trim.fq.gz"
"181"	"SIII"	"GCF_001281025.1"	0.030531	0.964148655159238	0.0315672302585472	0.0305312157721797	NA	NA	"Europe_37000BP_33000BP"	"Russia"	56.18	40.5	34092.5	"CentralEasternEurope"	"/willerslev/datasets/public/sikora_2017_science/fq/fq.combined/SIII_385_USER_20_CAGCTA.trim.fq.gz"
"182"	"SIII"	"GCF_001281025.1"	0.030531	0.964148655159238	0.0315672302585472	0.0305312157721797	NA	NA	"Europe_37000BP_33000BP"	"Russia"	56.18	40.5	34092.5	"CentralEasternEurope"	"/willerslev/datasets/public/sikora_2017_science/fq/fq.combined/SIII_386_NOT_USER_2_CGATGT.trim.fq.gz"
"183"	"SIII"	"GCF_001281025.1"	0.030531	0.964148655159238	0.0315672302585472	0.0305312157721797	NA	NA	"Europe_37000BP_33000BP"	"Russia"	56.18	40.5	34092.5	"CentralEasternEurope"	"/willerslev/datasets/public/sikora_2017_science/fq/fq.combined/SIII_386_NOT_USER_6_GCCAAT.trim.fq.gz"
"184"	"SIII"	"GCF_001281025.1"	0.030531	0.964148655159238	0.0315672302585472	0.0305312157721797	NA	NA	"Europe_37000BP_33000BP"	"Russia"	56.18	40.5	34092.5	"CentralEasternEurope"	"/willerslev/datasets/public/sikora_2017_science/fq/fq.combined/SIII_386_NOT_USER_9_GATCAG.trim.fq.gz"
"185"	"SIII"	"GCF_001281025.1"	0.030531	0.964148655159238	0.0315672302585472	0.0305312157721797	NA	NA	"Europe_37000BP_33000BP"	"Russia"	56.18	40.5	34092.5	"CentralEasternEurope"	"/willerslev/datasets/public/sikora_2017_science/fq/fq.combined/SIII_386_USER_4_TGACCA.trim.fq.gz"
"186"	"SIII"	"GCF_001281025.1"	0.030531	0.964148655159238	0.0315672302585472	0.0305312157721797	NA	NA	"Europe_37000BP_33000BP"	"Russia"	56.18	40.5	34092.5	"CentralEasternEurope"	"/willerslev/datasets/public/sikora_2017_science/fq/fq.combined/SIII_386_USER_6_GCCAAT.trim.fq.gz"
"187"	"SIII"	"GCF_001281025.1"	0.030531	0.964148655159238	0.0315672302585472	0.0305312157721797	NA	NA	"Europe_37000BP_33000BP"	"Russia"	56.18	40.5	34092.5	"CentralEasternEurope"	"/willerslev/datasets/public/sikora_2017_science/fq/fq.combined/SIII_386_USER_7_CAGATC.trim.fq.gz"
"188"	"SIII"	"GCF_001281025.1"	0.030531	0.964148655159238	0.0315672302585472	0.0305312157721797	NA	NA	"Europe_37000BP_33000BP"	"Russia"	56.18	40.5	34092.5	"CentralEasternEurope"	"/willerslev/datasets/public/sikora_2017_science/fq/fq.combined/SIII_386_USER_8_ACTTGA_A.trim.fq.gz"
"189"	"SIII"	"GCF_001281025.1"	0.030531	0.964148655159238	0.0315672302585472	0.0305312157721797	NA	NA	"Europe_37000BP_33000BP"	"Russia"	56.18	40.5	34092.5	"CentralEasternEurope"	"/willerslev/datasets/public/sikora_2017_science/fq/fq.combined/SIII_386_USER_8_ACTTGA_B.trim.fq.gz"
"190"	"SIII"	"GCF_001281025.1"	0.030531	0.964148655159238	0.0315672302585472	0.0305312157721797	NA	NA	"Europe_37000BP_33000BP"	"Russia"	56.18	40.5	34092.5	"CentralEasternEurope"	"/willerslev/datasets/public/sikora_2017_science/fq/fq.combined/SIII_386_USER_11_GGCTAC.trim.fq.gz"
"191"	"SIII"	"GCF_001281025.1"	0.030531	0.964148655159238	0.0315672302585472	0.0305312157721797	NA	NA	"Europe_37000BP_33000BP"	"Russia"	56.18	40.5	34092.5	"CentralEasternEurope"	"/willerslev/datasets/public/sikora_2017_science/fq/fq.combined/SIII_386_USER_18_TGAACA.trim.fq.gz"
"192"	"SIII"	"GCF_001281025.1"	0.030531	0.964148655159238	0.0315672302585472	0.0305312157721797	NA	NA	"Europe_37000BP_33000BP"	"Russia"	56.18	40.5	34092.5	"CentralEasternEurope"	"/willerslev/datasets/public/sikora_2017_science/fq/fq.combined/SIII_386_USER_19_GTATCT.trim.fq.gz"
"193"	"SIII"	"GCF_001281025.1"	0.030531	0.964148655159238	0.0315672302585472	0.0305312157721797	NA	NA	"Europe_37000BP_33000BP"	"Russia"	56.18	40.5	34092.5	"CentralEasternEurope"	"/willerslev/datasets/public/sikora_2017_science/fq/fq.combined/SIII_386_USER_20_CAGCTA.trim.fq.gz"
"194"	"SIII"	"GCF_001281025.1"	0.030531	0.964148655159238	0.0315672302585472	0.0305312157721797	NA	NA	"Europe_37000BP_33000BP"	"Russia"	56.18	40.5	34092.5	"CentralEasternEurope"	"/willerslev/datasets/public/sikora_2017_science/fq/fq.combined/SIII_386_USER_22_TGAGCC.trim.fq.gz"
"195"	"SIII"	"GCF_001281025.1"	0.030531	0.964148655159238	0.0315672302585472	0.0305312157721797	NA	NA	"Europe_37000BP_33000BP"	"Russia"	56.18	40.5	34092.5	"CentralEasternEurope"	"/willerslev/datasets/public/sikora_2017_science/fq/fq.combined/SIII_386_USER_35_CTGACA.trim.fq.gz"
"196"	"SIII"	"GCF_001281025.1"	0.030531	0.964148655159238	0.0315672302585472	0.0305312157721797	NA	NA	"Europe_37000BP_33000BP"	"Russia"	56.18	40.5	34092.5	"CentralEasternEurope"	"/willerslev/datasets/public/sikora_2017_science/fq/fq.combined/SIII_386_USER_39_CGACCT.trim.fq.gz"
"197"	"SIII"	"GCF_001281025.1"	0.030531	0.964148655159238	0.0315672302585472	0.0305312157721797	NA	NA	"Europe_37000BP_33000BP"	"Russia"	56.18	40.5	34092.5	"CentralEasternEurope"	"/willerslev/datasets/public/sikora_2017_science/fq/fq.combined/SIII_387_NOT_USER_23_AGCATG.trim.fq.gz"
"198"	"SIII"	"GCF_001281025.1"	0.030531	0.964148655159238	0.0315672302585472	0.0305312157721797	NA	NA	"Europe_37000BP_33000BP"	"Russia"	56.18	40.5	34092.5	"CentralEasternEurope"	"/willerslev/datasets/public/sikora_2017_science/fq/fq.combined/SIII_387_NOT_USER_31_GACACT.trim.fq.gz"
"199"	"SIII"	"GCF_001281025.1"	0.030531	0.964148655159238	0.0315672302585472	0.0305312157721797	NA	NA	"Europe_37000BP_33000BP"	"Russia"	56.18	40.5	34092.5	"CentralEasternEurope"	"/willerslev/datasets/public/sikora_2017_science/fq/fq.combined/SIII_387_NOT_USER_39_CGACCT.trim.fq.gz"
"200"	"SIII"	"GCF_001281025.1"	0.030531	0.964148655159238	0.0315672302585472	0.0305312157721797	NA	NA	"Europe_37000BP_33000BP"	"Russia"	56.18	40.5	34092.5	"CentralEasternEurope"	"/willerslev/datasets/public/sikora_2017_science/fq/fq.combined/SIII_387_USER_35_CTGACA.trim.fq.gz"
"201"	"SIII"	"GCF_001281025.1"	0.030531	0.964148655159238	0.0315672302585472	0.0305312157721797	NA	NA	"Europe_37000BP_33000BP"	"Russia"	56.18	40.5	34092.5	"CentralEasternEurope"	"/willerslev/datasets/public/sikora_2017_science/fq/fq.combined/SIII_387_USER_43_TGATCC.trim.fq.gz"
"202"	"SIII"	"GCF_001281025.1"	0.030531	0.964148655159238	0.0315672302585472	0.0305312157721797	NA	NA	"Europe_37000BP_33000BP"	"Russia"	56.18	40.5	34092.5	"CentralEasternEurope"	"/willerslev/datasets/public/sikora_2017_science/fq/fq.combined/SIII_387_USER_47_CATAGA.trim.fq.gz"
"203"	"VK122"	"GCF_900635155.1"	0.771549	0.957033044698828	2.57626164985258	0.611366948518565	0.00729927	"Multi"	"EuropeAtlantic_1800BP_600BP"	"Iceland"	65.61	-17.16	750	"NorthernEurope"	"/willerslev/users-shared/science-snm-willerslev-hdk349/storage2/VIKINGS/trimmed/VK122.trim.fastq.gz"
"204"	"VK143"	"GCF_900635155.1"	0.237494	0.954009876003908	0.287044063209281	0.237493660556651	NA	NA	"Europe_1900BP_500BP"	"UK"	51.76	-1.26	1010	"WesternEurope"	"/willerslev/users-shared/science-snm-willerslev-hdk349/storage2/VIKINGS/trimmed/VK143.trim.fastq.gz"
"205"	"VK146"	"GCF_000007465.2"	0.620058	0.983284240839734	1.09903316649655	0.463413800312358	NA	"Mutans"	"EuropeNW_4000BP_500BP"	"UK"	51.76	-1.26	1010	"WesternEurope"	"/willerslev/users-shared/science-snm-willerslev-hdk349/storage2/VIKINGS/trimmed/VK146.trim.fastq.gz"
"206"	"VK167"	"GCF_002355895.1"	0.693502	0.953401359084304	2.17841949615738	0.528793852083688	0.021692	"Multi"	"EuropeN_1400BP_800BP"	"UK"	51.76	-1.26	1010	"WesternEurope"	"/willerslev/users-shared/science-snm-willerslev-hdk349/storage2/VIKINGS/trimmed/VK167.trim.fastq.gz"
"207"	"VK1"	"GCF_000306805.1"	0.0411629999999999	0.980451091947854	0.0433551750352967	0.0411629025501523	0.0243902	NA	"EuropeAtlantic_1800BP_600BP"	"Greenland"	60.99	-45.42	850	"NorthernEurope"	"/willerslev/users-shared/science-snm-willerslev-hdk349/storage2/VIKINGS/trimmed/VK1.trim.fastq.gz"
"208"	"VK230"	"GCF_002355895.1"	0.058351	0.957194716143995	0.0618165268027482	0.0583505825238683	NA	NA	"Europe_1100BP_250BP"	"Iceland"	65.61	-17.16	750	"NorthernEurope"	"/willerslev/users-shared/science-snm-willerslev-hdk349/storage2/VIKINGS/trimmed/VK230.trim.fastq.gz"
"209"	"VK274"	"GCF_000463395.1"	0.049876	0.95901825541054	0.100062828934791	0.049876150529034	0.0194553	NA	"EuropeNE_1200BP_700BP"	"Denmark"	54.85	10.78	900	"NorthernEurope"	"/willerslev/users-shared/science-snm-willerslev-hdk349/storage2/VIKINGS/trimmed/VK274.trim.fastq.gz"
"210"	"VK29"	"GCF_000006885.1"	0.111791	0.987511157393633	0.124420480534903	0.111791144377979	NA	NA	"EuropeN_1400BP_800BP"	"Sweden"	58.38	13.65	800	"NorthernEurope"	"/willerslev/users-shared/science-snm-willerslev-hdk349/storage2/VIKINGS/trimmed/VK29.trim.fastq.gz"
"211"	"VK35"	"GCF_900635155.1"	0.806454	0.961041845763792	4.23197257208323	0.635551725408997	0.0036676	"Multi"	"Europe_1400BP_800BP"	"Sweden"	58.38	13.65	800	"NorthernEurope"	"/willerslev/users-shared/science-snm-willerslev-hdk349/storage2/VIKINGS/trimmed/VK35.trim.fastq.gz"
"212"	"VK371"	"GCF_900636715.1"	0.205109	0.968367035343419	0.275340022909701	0.20510899031256	0.00318761	NA	"EuropeN_1400BP_800BP"	"Denmark"	55.5	10.33	1065	"NorthernEurope"	"/willerslev/users-shared/science-snm-willerslev-hdk349/storage2/VIKINGS/trimmed/VK371.trim.fastq.gz"
"213"	"VK372"	"GCF_000017005.1"	0.44215	0.963413285255258	0.658434479223476	0.442150408210275	NA	"Multi"	"EuropeAtlantic_1800BP_600BP"	"Denmark"	55.5	10.33	900	"NorthernEurope"	"/willerslev/users-shared/science-snm-willerslev-hdk349/storage2/VIKINGS/trimmed/VK372.trim.fastq.gz"
"214"	"VK469"	"GCF_900635155.1"	0.351937	0.962859863033922	0.479247511781726	0.35193666022236	NA	"Multi"	"EuropeN_1500BP_800BP"	"Sweden"	57.63	18.28	975	"NorthernEurope"	"/willerslev/users-shared/science-snm-willerslev-hdk349/storage2/VIKINGS/trimmed/VK469.trim.fastq.gz"
"215"	"VK46"	"GCF_002355895.1"	0.305397	0.957919624091718	0.419444201985943	0.305397437975652	NA	"Multi"	"Europe_1100BP_250BP"	"Faroes"	61.85	-6.8	250	"NorthernEurope"	"/willerslev/users-shared/science-snm-willerslev-hdk349/storage2/VIKINGS/trimmed/VK46.trim.fastq.gz"
"216"	"VK479"	"GCF_900635155.1"	0.107054	0.961062897848372	0.119054852020339	0.107053867367617	NA	NA	"EuropeN_1500BP_800BP"	"Sweden"	57.63	18.28	975	"NorthernEurope"	"/willerslev/users-shared/science-snm-willerslev-hdk349/storage2/VIKINGS/trimmed/VK479.trim.fastq.gz"
"217"	"VK50"	"GCF_000017005.1"	0.177738	0.960450834095868	0.206924870553594	0.177738313859847	NA	NA	"EuropeNE_1500BP_800BP"	"Sweden"	57.63	18.28	975	"NorthernEurope"	"/willerslev/users-shared/science-snm-willerslev-hdk349/storage2/VIKINGS/trimmed/VK50.trim.fastq.gz"
"218"	"VK56"	"GCF_000007465.2"	0.118399	0.981499385623986	0.127665801738874	0.118399350689278	NA	NA	"EuropeNE_2500BP_800BP"	"Sweden"	57.34	18.19	975	"NorthernEurope"	"/willerslev/users-shared/science-snm-willerslev-hdk349/storage2/VIKINGS/trimmed/VK56.trim.fastq.gz"
"219"	"VK63"	"GCF_000007465.2"	0.88012	0.985173109243894	8.41641083660243	0.742327762542478	0.00048288	"Mutans"	"EuropeNW_2000BP_650BP"	"Sweden"	57.34	18.19	975	"NorthernEurope"	"/willerslev/users-shared/science-snm-willerslev-hdk349/storage2/VIKINGS/trimmed/VK63.trim.fastq.gz"
"220"	"VK6"	"GCF_002355895.1"	0.081005	0.962879325798228	0.0892562481555835	0.0810052121650435	NA	NA	"Europe_1600BP_500BP"	"Greenland"	60.99	-45.42	850	"NorthernEurope"	"/willerslev/users-shared/science-snm-willerslev-hdk349/storage2/VIKINGS/trimmed/VK6.trim.fastq.gz"
"221"	"VK94"	"GCF_000017005.1"	0.497956	0.96135406912324	0.795692282199082	0.497955534351666	NA	"Multi"	"EuropeNW_2000BP_650BP"	"Denmark"	55.62	11.97	900	"NorthernEurope"	"/willerslev/users-shared/science-snm-willerslev-hdk349/storage2/VIKINGS/trimmed/VK94.trim.fastq.gz"
"222"	"VK99"	"GCF_000017005.1"	0.164927	0.972644032776213	0.192998740816748	0.164926602271993	NA	NA	"Europe_1100BP_250BP"	"Iceland"	65.61	-17.16	750	"NorthernEurope"	"/willerslev/users-shared/science-snm-willerslev-hdk349/storage2/VIKINGS/trimmed/VK99.trim.fastq.gz"
"223"	"Yamnaya"	"GCF_900635155.1"	0.9394095	0.956748360738369	33.9203528649623	0.716464142184371	0.0188461	"Multi"	"Steppe_5000BP_4300BP"	"Kazakhstan"	49.13	75.85	4902.5	"CentralAsia"	"/willerslev/datasets/WABI_pipeline/fqs/botai/ERR2531318.collapsed.pe.trim.fq.gz"
"224"	"Yamnaya"	"GCF_900635155.1"	0.9394095	0.956748360738369	33.9203528649623	0.716464142184371	0.0188461	"Multi"	"Steppe_5000BP_4300BP"	"Kazakhstan"	49.13	75.85	4902.5	"CentralAsia"	"/willerslev/datasets/WABI_pipeline/fqs/botai/ERR2531319.collapsed.pe.trim.fq.gz"
"225"	"Yamnaya"	"GCF_900635155.1"	0.9394095	0.956748360738369	33.9203528649623	0.716464142184371	0.0188461	"Multi"	"Steppe_5000BP_4300BP"	"Kazakhstan"	49.13	75.85	4902.5	"CentralAsia"	"/willerslev/datasets/WABI_pipeline/fqs/botai/ERR2531327.collapsed.pe.trim.fq.gz"
"226"	"Yamnaya"	"GCF_900635155.1"	0.9394095	0.956748360738369	33.9203528649623	0.716464142184371	0.0188461	"Multi"	"Steppe_5000BP_4300BP"	"Kazakhstan"	49.13	75.85	4902.5	"CentralAsia"	"/willerslev/datasets/WABI_pipeline/fqs/botai/ERR2531328.collapsed.pe.trim.fq.gz"
"227"	"Yamnaya"	"GCF_900635155.1"	0.9394095	0.956748360738369	33.9203528649623	0.716464142184371	0.0188461	"Multi"	"Steppe_5000BP_4300BP"	"Kazakhstan"	49.13	75.85	4902.5	"CentralAsia"	"/willerslev/datasets/WABI_pipeline/fqs/botai/ERR2531331.collapsed.pe.trim.fq.gz"
"228"	"Yamnaya"	"GCF_900635155.1"	0.9394095	0.956748360738369	33.9203528649623	0.716464142184371	0.0188461	"Multi"	"Steppe_5000BP_4300BP"	"Kazakhstan"	49.13	75.85	4902.5	"CentralAsia"	"/willerslev/datasets/WABI_pipeline/fqs/botai/ERR2531332.collapsed.pe.trim.fq.gz"
"229"	"Yamnaya"	"GCF_900635155.1"	0.9394095	0.956748360738369	33.9203528649623	0.716464142184371	0.0188461	"Multi"	"Steppe_5000BP_4300BP"	"Kazakhstan"	49.13	75.85	4902.5	"CentralAsia"	"/willerslev/datasets/WABI_pipeline/fqs/botai/ESW_NDQQ_DA371_E1_L1_CTATCA.fq.gz"
"230"	"Yamnaya"	"GCF_900635155.1"	0.9394095	0.956748360738369	33.9203528649623	0.716464142184371	0.0188461	"Multi"	"Steppe_5000BP_4300BP"	"Kazakhstan"	49.13	75.85	4902.5	"CentralAsia"	"/willerslev/datasets/WABI_pipeline/fqs/botai/ESW_NDQQ_DA371_E2_L1_GTGTAT.fq.gz"
"231"	"Yamnaya"	"GCF_900635155.1"	0.9394095	0.956748360738369	33.9203528649623	0.716464142184371	0.0188461	"Multi"	"Steppe_5000BP_4300BP"	"Kazakhstan"	49.13	75.85	4902.5	"CentralAsia"	"/willerslev/datasets/WABI_pipeline/fqs/botai/ESW_NDQQ_DA372_E1_L1_TAGATG.fq.gz"
"232"	"Yamnaya"	"GCF_900635155.1"	0.9394095	0.956748360738369	33.9203528649623	0.716464142184371	0.0188461	"Multi"	"Steppe_5000BP_4300BP"	"Kazakhstan"	49.13	75.85	4902.5	"CentralAsia"	"/willerslev/datasets/WABI_pipeline/fqs/botai/ESW_NDQQ_DA372_E2_L1_GACCGG.fq.gz"
"233"	"Yana2"	"GCF_900635155.1"	0.9273814	0.958076281477246	49.3061346321937	0.702347176516795	0.0247636	"Multi"	"Yana_31000BP"	"Russia"	70.72	135.42	31950	"NorthAsia"	"/willerslev/datasets/WABI_pipeline/fqs/yana/Yana_old2.Yana2_L1.trim.fq.gz"
"234"	"Yana2"	"GCF_900635155.1"	0.9273814	0.958076281477246	49.3061346321937	0.702347176516795	0.0247636	"Multi"	"Yana_31000BP"	"Russia"	70.72	135.42	31950	"NorthAsia"	"/willerslev/datasets/WABI_pipeline/fqs/yana/Yana_old2.Yana2_L2.trim.fq.gz"
"235"	"Yana2"	"GCF_900635155.1"	0.9273814	0.958076281477246	49.3061346321937	0.702347176516795	0.0247636	"Multi"	"Yana_31000BP"	"Russia"	70.72	135.42	31950	"NorthAsia"	"/willerslev/datasets/WABI_pipeline/fqs/yana/Yana_old2.Yana2_L3.trim.fq.gz"
"236"	"Yana2"	"GCF_900635155.1"	0.9273814	0.958076281477246	49.3061346321937	0.702347176516795	0.0247636	"Multi"	"Yana_31000BP"	"Russia"	70.72	135.42	31950	"NorthAsia"	"/willerslev/datasets/WABI_pipeline/fqs/yana/Yana_old2.Yana2_L4.trim.fq.gz"
"237"	"Yana2"	"GCF_900635155.1"	0.9273814	0.958076281477246	49.3061346321937	0.702347176516795	0.0247636	"Multi"	"Yana_31000BP"	"Russia"	70.72	135.42	31950	"NorthAsia"	"/willerslev/datasets/WABI_pipeline/fqs/yana/Yana_old2.Yana2_L5.trim.fq.gz"
#"238"	"Yana"	"GCF_900635155.1"	0.9340139	0.956996095993288	66.5044175910497	0.723356307446309	0.0178464	"Multi"	"Yana_31000BP"	"Russia"	70.72	135.42	31950	"NorthAsia"	"/willerslev/datasets/WABI_pipeline/fqs/yana/Yana_old.MA845en_L5.trim.fq.gz"
#"239"	"Yana"	"GCF_900635155.1"	0.9340139	0.956996095993288	66.5044175910497	0.723356307446309	0.0178464	"Multi"	"Yana_31000BP"	"Russia"	70.72	135.42	31950	"NorthAsia"	"/willerslev/datasets/WABI_pipeline/fqs/yana/Yana_old.MA845_L1.trim.fq.gz"
#"240"	"Yana"	"GCF_900635155.1"	0.9340139	0.956996095993288	66.5044175910497	0.723356307446309	0.0178464	"Multi"	"Yana_31000BP"	"Russia"	70.72	135.42	31950	"NorthAsia"	"/willerslev/datasets/WABI_pipeline/fqs/yana/Yana_old.MA845_L3.trim.fq.gz"
#"241"	"Yana"	"GCF_900635155.1"	0.9340139	0.956996095993288	66.5044175910497	0.723356307446309	0.0178464	"Multi"	"Yana_31000BP"	"Russia"	70.72	135.42	31950	"NorthAsia"	"/willerslev/datasets/WABI_pipeline/fqs/yana/Yana_old.MA845_L4.trim.fq.gz"
#"242"	"Yana"	"GCF_900635155.1"	0.9340139	0.956996095993288	66.5044175910497	0.723356307446309	0.0178464	"Multi"	"Yana_31000BP"	"Russia"	70.72	135.42	31950	"NorthAsia"	"/willerslev/datasets/WABI_pipeline/fqs/yana/Yana_old.MA845_L6.trim.fq.gz"
